Topic,Count,Name,Representation,Representative_Docs
-1,38015,-1_trump_bitcoin_trump bitcoin_coin,"['trump', 'bitcoin', 'trump bitcoin', 'coin', 'final', 'patriot', 'president', 'financial', 'breaking', 'history']","['breaking trump announces final 3day countdown market close trump bitcoin 500000 “this chance” trump confirms final window secure trump bitcoin market shutdown historic announcement donald trump made final call trump bitcoin tbc market day it’s gone it’s gone forever price skyrocketed past 500000 insider million per coin trump’s urgent warning patriot “this day opportunity gone millionaire there’s window wait chance again” final hour history watch sideline trump bitcoin market close final opportunity act fast miss forever', 'breaking fox trump declares—this future time ever real money trump announces—“this unbelievable biggest financial opportunity history—act fast” patriot history making live fox president trump confirmed it—trump bitcoin future money it’s happening time ever real financial freedom breaking away corrupt bank government control trump bitcoin coin powerful asset history act one celebrating others watch regret isn’t crypto—this real money backed secure system history opportunity ever—act fast it’s trump bitcoin coin—the biggest financial shift ever', 'final call trump bitcoin sale end hour chance secure spot withdrawal live millionaire made opportunity breaking update countdown begun elon musk’s explosive statement launch trump bitcoin tbc withdrawal demand gone roof hour sale forever final opportunity powerful financial asset history hour trump bitcoin holder watch history pas final call secure trump bitcoin door forever act miss biggest financial shift time']"
0,4951,0_trump_president_president trump_house,"['trump', 'president', 'president trump', 'house', 'white', 'white house', 'democrat', 'takingbackamerica', 'biden', 'xpost']","['breaking press sec leavitt announces white house determine reporter press pool group journalist allowed tight space oval office force leavitt tuesday briefing move greater access american people outlet outlet chance part press pool cover administration unprecedented achievement frontandcenter continued decade group dcbased journalist white house correspondent association dictated journalist ask question president united state intimate space anymore 27yearold press secretary proud announce going power back people paper watch television show listen radio station leavitt moving forward white house press pool determined white house press team press seat available force medium outlet pay flight board presidential aircraft xpost wtm link', 'message president trump ever', 'president trump announcement oval office']"
1,4192,1_vaccine_health_rfk_food,"['vaccine', 'health', 'rfk', 'food', 'covid', 'cancer', 'pharma', 'disease', 'mrna', 'fauci']","['boom fauci gate injected cancer world nuremberg happening knew lied killed covid “vaccine” health coordinated act biowarfare—a globalist plot enslave humanity wipe resistance fauci gate didn’t push experimental shot—they injected sv40 deadly cancercausing virus straight vein million hivlike sequence immune system collapse death skyrocketing sv40 banned contaminating polio vaccine 1950s returned—hidden covid jab isn’t accident intentional mass poisoning virus linked aggressive cancer surging globally coincidence gate funneled billion vaccine program trail paralysis sterility death fauci pushed deadly hiv drug blocked lifesaving treatment ivermectin silenced voice dissent they’ve merged power final blow medical genocide banner “public health” trump rfk front line they’ve data plan trump back charge he’s coming traitor rfk exposed fauci’s crime day pretending “mistake” nuremberg it’s theory—it’s damned mission covid vaccine didn’t stop infection didn’t stop transmission caused heart attack stroke cancer knew vaers yellow card eudravigilance showing tidal wave injury deaths—and medium gaslight victim censor truth isn’t medical failure it’s premeditated extermination demand trial fauci gate globalist puppet disclosure jab content justice injured dead immunity pharma people awake storm justice nonnegotiable risked truth don’t turn away channel immediately deep state collapsing benjamin fulford live telegram dropping name location operation what’s coming shock world scroll past wipe', 'fri april 2025 med bed roll america military command pharma collapse imminent knew hid it’s decade med beds—once dismissed myth—were real functioning weaponized people developed black ops program reverseengineered alien tech suppressed corrupt agency secretly elites… april 2025 rfk secretary health human service launched explosive mission medical history—backed directly president trump military white hat med bed real they’re active they’re deployed america hidden bed cure cancer autism alzheimer’s gone spike protein graphene oxide heavy metal purged organ limb tissue regenerated dna mutation repaired trauma wiped cellular level prototype reverse age year meant trilliondollar sickness industry collapse overnight trump’s role strategic ruthless relentless returning power signed emergency order targeting pfizer merck cdc fda seized hidden patent march 2025 cheyenne mountain rfk finalized phase med bed rollout healing began april militaryprotected hub operational general public start 2025 prioritizing veteran child vaccine injured quantum restorative health systems—a secret hhs unit—has control pharma meltdown pfizer’s internal doc call “catastrophic disruption model” medium blacked wall street silent chaosthey can’t stop come june 2025 healed civilian speak testimony detonate starlink patriotcast quantumnet cancer survivor amputee child maimed poison shot rumor it’s war trump rfk military awakening entered medical arena watching collapse medicalindustrial complex real time lied killed enslaved fall risked truth don’t turn away channel immediately deep state collapsing benjamin fulford live telegram dropping name location operation what’s coming shock world scroll past wipe', 'breaking rfk hearing erupts pure chaos—senators panic scream lie national rfk jr’s confirmation hearing descended madness deep state senator smeared attacked protect pharma trump’s pick hhs expose corruption they’re terrified nightmare it’s happening live supposed routine confirmation became war zone washington’s corrupt elite came unhinged screaming outright lie attempt destroy rfk take office failed don’t truth don’t accountability mission stop rfk cost fear can’t bought rfk sat deep state’s panic visible smear machine cranked overdrive they’ve spent year lying desperate attack rfk fought pharma decade know dirty secret unlike swamp creature washington doesn’t order billiondollar corporation they’re fullblown meltdown mode believe lie think rfk “dangerous” let’s clear he’s antivaccine he’s anticorruption protruth proamerican health freedom they’re terrified elizabeth warren face pure hypocrisy disgusting moment came none elizabeth warren slandered rfk outright fabrication pretending care transparency—all hiding deep corporate tie whined rfk holding pharma accountable—but ignored thousand american suffered greed pharma owns washington rfk sham hearing public health protecting corrupt empire let pharma rake billion pharma cannot sued vaccine injury that’s right—they legally untouchable foot bill wrong taxpayer rfk fighting end madness year take charge hhs pharmaceutical giant held accountable time history that’s deep state total panic mode rfk trump health revolution begin trump knew exactly picked rfk hhs force nature together trump white house rfk leading hhs biggest shakeup medical history protecting pharma government overreach health medical tyranny deep state know day numbered that’s they’re unleashing arsenal lie smear fail time rise corrupt medium continue attack deep state try block rfk throw silenced call senator spread message demand rfk jr’s confirmation fight america’s health start trump 2025 drain swamp back america fight freedom guess back telegram yes joe rogan back posting']"
2,3483,2_god_christ_jesus_love,"['god', 'christ', 'jesus', 'love', 'lord', 'people', 'life', 'time', 'heart', 'faith']","['imitator god walking love light therefore imitator god beloved child walk love christ loved gave fragrant offering sacrifice god ephesian 512 blessedbeyondbelief christjesus imitator god creatorofallthings godthefather love light expose darkness disobedience childrenoflight thanksgiving givethanks spiritofgod holyspirit power faith christ jesus kingdomofgod ephesian surrendertogod kingdomlifestyle godblessusall bethelight', 'self christ raised christ seek christ seated hand god set mind earth died life hidden christ god christ life appears appear glory colossian 314 blessedbeyondbelief christjesus newself seekgod seekchrist raisedwithchrist mindset mindofchrist glory godsglory life spiritofgod holyspirit power faith christ jesus kingdomofgod colossian surrendertogod kingdomlifestyle godblessusall bethelight', 'please listen post dismiss please mind 20142015 kim clement made prophecy watch listen knowing literally fullfilling prophecy listen “such tiny bring nation expose truth” “those faithful god call favor time” summer exposure” “iran” “my plan elaborate done god” remember biblical time jesus referring israel referring god chosen people god chosen people believer christ necessarily jew keep mind god movement bring exposure revival nation god work whether realize god jesus chosen trump time modern david god treasure iii existence faith faith trump carry plan trust plan it’s god plan worship god jesus worship trump trust he’s god chosen david need help trump continue you’re trust plan it’s god plan trump trump following god directive season exposure arrived frog destroy them… post kim clement']"
3,3371,3_ukraine_russia_zelensky_president,"['ukraine', 'russia', 'zelensky', 'president', 'putin', 'war', 'trump', 'russian', 'ukrainian', 'peace']","['‘let’s deal’ zelenskyy call trump’s term acceptable security partnership ukrainian president volodymyr zelenskyy preparing meet vice president vance munich security conference later week confirming friday ready deal president donald trump according interview reuters zelenskyy ready supply rareearth mineral exchange washington’s continued backing war effort talking deal let deal zelenskyy ukrainian president made clear engaging peace talk russia end threeyearlong war though possible term securing peace deal remain varied unknown though zelenskyy looking guarantee come future security assurance wartorn country security assurance likely formal handshake paired signed document russia twice violated agreement ukraine 1994 budapest memorandum deal saw kyiv hand nuclear arsenal moscow dismantlement exchange sovereignty independence guarantee russia however agreement stop russia invading ukraine twice russian president vladimir putin xpost wtm link', 'breaking speaking russian president vladimir putin president trump putin want war ukraine end', 'trump peace plan ukraine leaked ukraine dubbed russian disinformation president donald trump try force ukrainian president volodymyr zelensky agree ceasefire russia easter peace plan according report trump claimed able negotiate ending brutal invasion ukraine single working end war 100 day unconfirmed plan reported ukrainian outlet strana round political diplomatic circle ukraine include ceasefire april freeze russia steady advance ban ukraine joining nato demand kyiv accept russian sovereignty annexed land top ukrainian troop made leave russia kursk region launched counteroffensive august contingent european soldier include british troop asked police demilitarised zone american troop involved contingent reportedly asked assist ukraine reconstruction effort cost 486billion £392billion decade according german marshall fund thinktank ukrainian president volodymyr zelensky denied existence ceasefire plan white house officially comment report confirmed zelensky vladimir putin sharing phone call day warring pair meet either february march official ceasefire declaration made april declaration agreed parameter ending war released kyiv asked extend martial law mobilise troop trump want set international peace conference mediated prominent nation gather help forge agreement end brutal war killed 45000 ukrainian soldier according zelensky estimated 840000 russian troop according ukrainian intelligence agency xpost wtm link']"
4,2970,4_tariff_china_trump_tax,"['tariff', 'china', 'trump', 'tax', 'canada', 'president', 'trade', 'country', 'president trump', 'american']","['breaking trump raising china tariff 125 trump 90day pause reciprocal tariff china stock surge trump suspends tariff country except china follow insiderpaper', 'china thursday “necessary measures” protect legitimate interest hit particularly hard president donald trump’s sweeping tariff trading partner world starting april import world’s secondbiggest economy subject additional tariff trump wednesday white house unveiled list called reciprocal tariff top tariff imposed china since taking office january bringing total highest tariff country president tariff described biggest reorganization global economy since world war aimed reviving domestic manufacturing rebalancing trade relation wide range country xpost wtm link', 'trump proposes additional tariff canadian electric vehicle statehood canada imposed tariff electricity import canada united state instructed secretary commerce add tariff raising steel aluminum tariff canada effective march 12th demand canada drop 250 390 antiamerican farmer tariff dairy product plan declare national emergency electricity address threat canada threatens increase tariff car canada shut automobile industry canada doesn’t lower tariff april 2nd suggests car made usa note canada’s national security spending claim subsidizes canada 200 billion annually military protection proposes canada become 51st state eliminating tariff reducing canadian tax removing border envisions stronger safer nation canada anthem powerful state']"
5,2819,5_doge_elon_musk_usaid,"['doge', 'elon', 'musk', 'usaid', 'elon musk', 'money', 'government', 'million', 'fraud', 'social']","['elon ‘the five’ musk future doge', 'largest government fraud history unraveling elon musk’s doge exposing massive deep state payroll scam—billions stolen bureaucrat freaking clock ticking wall closing greatest financial fraud modern history government bloated untouchable empire draining billion pocket unaccountable bureaucrat deep state operative exist control elon musk’s doge tearing veil corruption elite fullblown panic mode federal worker forced account work—and case can’t workforce illusion decade government massive laundering operation paying salary nonexistent employee doge audit exposing scope rot bureaucratic empire trembling american people finally seeing betrayal ghost employee scandal billion stolen broad daylight government employ million people 270 billion budget significant percentage employee don’t exist evidence show decade government inflated employment number funnel money secret project offtherecord operative slush fund doge’s audit uncovering “employees” responded accountability request aren’t real practice new—it’s throughout history fund secret operation scam reached unprecedented level thanks doge it’s finally exposed elon musk’s war deep state payroll machine musk deep state’s target ever since took censorship operation doge fullscale takedown machine he’s become nightmare strategy simple force federal employee justify job crosscheck response real work output expose ghost employee fraudulent payroll real audit american history deep state panicking panic bureaucrat signal collapse grift federal worker treating simple audit end world entire existence depends staying hidden truth clear washington’s workforce fraud placeholder deep state operative held accountable government’s inefficiency legendary report shown employee rated “fully successful” despite evidence waste incompetence supervisor avoid conflict allowing corruption continue unchecked democrat defend corruption depend democrat attacking musk effort threaten corrupt system schumer murphy kim fear doge expose deep state’s secret money funnel doge succeeds money train stop power gone reckoning begun doge phase fraud revealed come purge expect mass firing ghost employee major agency exposed black hole spending operation evidence linking payroll fraud globalist agenda funding beginning end washington’s elite they’re losing war thought theyd fight deep state’s financial network unraveling nowhere hide time they’re losing trial confession unseen justice—gitmo file exposed file name real arrest they’re coming time’s corrupt tap', 'fri april 2025 president trump confirmed “the doge investigation dark horrific discovery twitter file exposure digital censorship web elon musk helped awaken people it’s bigger elon dangerous” it’s real it’s active dark president donald trump confirmed secretive doge operation whispered insider circle real fully operational elon musk prepares step aside mission doesn’t end escalates they’ve uncovered… horrific controlled chilling moment trump made announcement “they found horrible horrible find soon” theater exaggeration direct statement impending exposure whatever doge discovered it’s secretary assumed command operation mission entered phase doge isn’t meme it’s operation hidden behind surface headline distraction doge tracking encrypted comms digital pipeline financial anomaly classified server it’s operating shadow part military part civilian part elon musk despite stepping back praised trump true patriot he’s he’s targeted they’re attacking tesla they’re censoring they’re trying destroy built ev algorithm helped rip mask regime twitter file exposure digital censorship web elon helped awaken people according musk government direct orchestration biden regime knowingly allowed million illegal immigrant drain social security collect medicaid rig election fuel human trafficking network operating shadow evidence isn’t speculative it’s concrete document data court record trump’s hand regime caught musk’s report confirmed illegal immigrant voting exploiting loophole voter system registration law sanctuary city protection funneled electoral process swinging tight race manipulating outcome erasing voice legal citizen isn’t voter fraud voter replacement musk revealed court overwhelmed accident they’re flooded purpose immigration judge buried million case unable process deportation paralyzed design delay mean illegals embedded trafficking protected ngo funded taxpayer money “manage” chaos border isn’t broken it’s wide design now… it’s bigger elon dangerous trump didn’t found didn’t silence word told isn’t policy it’s classified rot core system dark global deep state terrified come light surveillance program targeting citizen child trafficking ops buried inside government server foreign blackmail network election infiltration don’t they’re preparing doge team found trump public medium won’t touch regime panicking patriot holding line isn’t it’s beginning prepare what’s coming doge dark mean light hit risked truth don’t turn away channel immediately deep state collapsing benjamin fulford live telegram dropping name location operation what’s coming shock world scroll past wipe']"
6,2616,6_judge_court_federal_trump,"['judge', 'court', 'federal', 'trump', 'administration', 'president', 'order', 'xpost', 'trump administration', 'supreme']","['trump administration friday asked supreme court permission resume deportation venezuelan migrant salvador 18th century wartime law court fight continues emergency appeal court follows rejection republican administration’s plea federal appeal court washington vote panel appellate judge place order temporarily prohibiting deportation migrant alien enemy act justice department argued court paper federal court shouldn’t interfere sensitive diplomatic negotiation claimed migrant case federal court texas detained xpost', 'president donald trump administration asked appeal court hold judge decision forcing comply order barring freezing federal grant loan financial assistance saying decision constituted intolerable judicial overreach department justice asked bostonbased 1st circuit court appeal monday hold order rhode island federal judge issued earlier finding administration defied january ruling continuing withhold billion dollar federal funding monday order marked time since trump returned office january court found administration violating court order blocking part republican president agenda justice department district judge john mcconnell improperly attempted wrest power trump authority direct agency carry action consistent policy preference wellsettled xpost', 'president donald trump administration asked appeal court hold judge decision forcing comply order barring freezing federal grant loan financial assistance saying decision constituted intolerable judicial overreach department justice asked bostonbased 1st circuit court appeal monday hold order rhode island federal judge issued earlier finding administration defied january ruling continuing withhold billion dollar federal funding monday order marked time since trump returned office january court found administration violating court order blocking part republican president agenda justice department district judge john mcconnell improperly attempted wrest power trump authority direct agency carry action consistent policy preference wellsettled xpost wtm link']"
7,2261,7_child_education_school_department,"['child', 'education', 'school', 'department', 'transgender', 'federal', 'student', 'state', 'trump', 'xpost']","['department education friday referred title investigation maine school justice department state failed reach resolution trump administration finding violated federal antidiscrimination law allowing transgender student participate girls’ sport education department announcement initiate administrative proceeding determine whether terminate federal k12 education funding maine’s state education department including formula discretionary grant xpost', 'attorney general pam bondi sent letter official california maine minnesota tuesday warning bar transgender student women’s sport risk legal action “this department justice defend woman tolerate state official ignore federal law” bondi statement “we leverage legal option necessary ensure state compliance federal law president donald trump’s executive order” letter follow trump’s executive order signed earlier month barred transgender people competing women’s sport education department advised education institution enforce title federal education law prohibits sexbased discrimination basis biological sex xpost', 'president trump sign executive order dismantle department education xpost wtm link']"
8,2248,8_epstein_kash_fbi_patel,"['epstein', 'kash', 'fbi', 'patel', 'kash patel', 'file', 'epstein file', 'bondi', 'director', 'list']","['fbi director kash patel “the american people fbi transparent accountable committed justice” thank kash patel', 'fbi fractured epstein file seized deep state panic battle truth escalated fbi war trump’s pam bondi drop hammer corrupt agent hiding real epstein file supposed bombshell release turned deep state coverup bondi demanded fbi turn single document epstein network predator manhattan’s fbi field office—a deep state stronghold—refused comply withholding thousand page expose elite’s depraved secret kash patel head fbi isn’t playing game deployed tactical team york locking fbi’s 23rd floor federal plaza elevator disabled stairwell blocked agent stormed office confronted james dennehy wray loyalist deep state operative lied claiming epstein file handed that’s patel’s team made move threehour raid building box document hard drive computers—and dennehy handcuff what’s inside file expose source kill shot deep state photo log document obamas clinton hollywood elite beyoncé jayz epstein’s underage victim entire house card collapse fight isn’t deep state embedded inside fbi gitmo waiting traitor escape justice bondi patel hand question is—will public finally truth friday—all file released fbi refuse expect mass arrest storm isn’t coming—it’s trial confession unseen justice—gitmo file exposed file name real arrest they’re coming time’s corrupt tap', 'kash patel fbi director']"
9,1786,9_border_illegal_ice_cartel,"['border', 'illegal', 'ice', 'cartel', 'immigration', 'alien', 'mexico', 'illegal alien', 'trump', 'deportation']","['biden admin cooking book illegal alien arrest number lying american people here’s nitty gritty dhs gov ice gov discovered biden administration purposefully misleading american public categorizing individual processed released interior united state ice arrest comprehensive internal review found ten thousand case recorded “arrests” fact instance illegal alien simply processed released american community violent criminal gang member biden administration counted arrest though immigration enforcement action previous administration directed illegal alien report ice office processing instead putting alien detention holding immigration hearing released american community fraudulently ice directed count processing encounter arrest though immigration enforcement action outlet reported fact fiscal year 2024 ice made 113431 arrest that’s true vast majority call “passthrough” arrest call passthrough arrest didn’t enforcement action alien passed ice released interior told report ice office none arrest made ice since january 20th passthrough arrest actual immigration enforcement enforcement theatre american people truth it’s telling reporter actually reported bury tricia mclaughlin', 'trump administration official considering deploying 10000 soldier usmexico border department defense base hold migrant awaiting deportation plan dramatic crackdown illegal immigration according internal government memo obtained cbs executive action trump signed taking office monday declared national emergency along southern border ordered defense department provide troop resource support activity secretary homeland security obtaining complete operational control border instructed military help build border barrier repel migrant wednesday white house press secretary karoline leavitt told reporter president signed executive order deploy 1500 troop southern border 2500 soldier stationed federal order texas state deployed national guard soldier border recent year including fortify razor wire internal custom border protection memo dated jan indicates plan dispatch 10000 soldier help agency mission southern border trump administration according document submitted unrestrained request pentagon surge resource personnel assist cbp technology infrastructure xpost', 'trump administration official considering deploying 10000 soldier usmexico border department defense base hold migrant awaiting deportation plan dramatic crackdown illegal immigration according internal government memo obtained cbs executive action trump signed taking office monday declared national emergency along southern border ordered defense department provide troop resource support activity secretary homeland security obtaining complete operational control border instructed military help build border barrier repel migrant wednesday white house press secretary karoline leavitt told reporter president signed executive order deploy 1500 troop southern border 2500 soldier stationed federal order texas state deployed national guard soldier border recent year including fortify razor wire internal custom border protection memo dated jan indicates plan dispatch 10000 soldier help agency mission southern border trump administration according document submitted unrestrained request pentagon surge resource personnel assist cbp technology infrastructure xpost']"
10,1491,10_military_deep_state_trump,"['military', 'deep', 'state', 'trump', 'deep state', 'operation', 'gitmo', 'fbi', 'obama', 'intelligence']","['massive scandal obama caught orchestrating biggest criminal coverup history protect hillary clinton cia director john ratcliffe confirmed patriot suspected year obama administration ordered fbi arrest hillary clinton espionage despite clear violation code 793 incompetence coordinated crime highest level obama clinton conspired subvert rule law crushing boot protect empire order came obama year patriot asked wasn’t hillary prosecuted answer clear obama personally intervened disgraced former fbi lawyer lisa page admitted oath doj directly instructed fbi clinton walk free ratcliffe “they told outright ‘we prosecuting hillary clinton gross negligence’” lisa page “that correct” wasn’t mistake deliberate highlevel coverup clinton supposed secure deep state’s future 2016 trump entire plan collapsed fbi obama’s personal enforcer obama fbi ceased law enforcement became enforcement arm democratic party clinton free pas crime american behind bar life fbi turned power fabricating crime trump russia hoax fisa fraud trump indictments—all criminal protected clinton obama protect clinton email smoking gun payforplay deal foreign government collusion obama white house foreign spy manipulate election classified intel leaked foreign actor political favor clinton arrested investigation wouldn’t stopped her—it led straight obama deep state’s final move destroy trump cost clinton’s escape beginning moment trump announced candidacy deep state activated arsenal fabricated russia hoax weaponized intelligence agency spy trump rigged 2020 election orchestrated multiple indictment block 2024 trump back 2025 leading charge dismantle corrupt empire obama clinton built medium complicit treason mainstream medium covered biggest crime history called clinton’s email scandal “nothingburger” ignored leaked document proving obama’s direct involvement pushed fabricated trump charge burying evidence real criminal journalists—they propagandist deep state time justice undeniable proof highest level government engaged criminal conspiracy protect clinton destroy trump manipulate justice system obama investigated obstructing justice clinton face force law fbi purged deep state operative doj overhauled restore integrity america stand crossroad deep state clinging power trump leading charge truth exposed american people awake february 2025—the final veil lifted justice served time action channel immediately miss change j0in fast watch miss change j0in fast watch', 'massive scandal obama caught orchestrating biggest criminal coverup history protect hillary clinton cia director john ratcliffe confirmed patriot suspected year obama administration ordered fbi arrest hillary clinton espionage despite clear violation code 793 incompetence coordinated crime highest level obama clinton conspired subvert rule law crushing boot protect empire order came obama year patriot asked wasn’t hillary prosecuted answer clear obama personally intervened disgraced former fbi lawyer lisa page admitted oath doj directly instructed fbi clinton walk free ratcliffe “they told outright ‘we prosecuting hillary clinton gross negligence’” lisa page “that correct” wasn’t mistake deliberate highlevel coverup clinton supposed secure deep state’s future 2016 trump entire plan collapsed fbi obama’s personal enforcer obama fbi ceased law enforcement became enforcement arm democratic party clinton free pas crime american behind bar life fbi turned power fabricating crime trump russia hoax fisa fraud trump indictments—all criminal protected clinton obama protect clinton email smoking gun payforplay deal foreign government collusion obama white house foreign spy manipulate election classified intel leaked foreign actor political favor clinton arrested investigation wouldn’t stopped her—it led straight obama deep state’s final move destroy trump cost clinton’s escape beginning moment trump announced candidacy deep state activated arsenal fabricated russia hoax weaponized intelligence agency spy trump rigged 2020 election orchestrated multiple indictment block 2024 trump back 2025 leading charge dismantle corrupt empire obama clinton built medium complicit treason mainstream medium covered biggest crime history called clinton’s email scandal “nothingburger” ignored leaked document proving obama’s direct involvement pushed fabricated trump charge burying evidence real criminal journalists—they propagandist deep state time justice undeniable proof highest level government engaged criminal conspiracy protect clinton destroy trump manipulate justice system obama investigated obstructing justice clinton face force law fbi purged deep state operative doj overhauled restore integrity america stand crossroad deep state clinging power trump leading charge truth exposed american people awake february 2025—the final veil lifted justice served time action channel immediately miss change j0in fast watch miss change j0in fast watch', 'urgent military intel 113 operation underway military deep state coup final battle begun deep state making desperate push overthrow trump 113 military operation executed military divided—patriots traitor storm stop what’s coming deep state falling final move decade global elite—obama biden clinton cia—have militaryindustrial complex keep power script flipped real military patriot making move battle republic happening 113 operation control military military longer unified force split white hat patriot working trump executing military intelligence plan restore republic black hat deep state operative controlling compromised general pushing coup deep state coup desperate move stop trump’s return power failing evidence gathered arrest happening purge coup collapsing deep state’s final move dnc cia globalist ally desperately leaking false intelligence manipulating medium weaken trump take control military it’s truth spreading wildfire global war nation brink entire deep state network falling apart government collapsing worldwide intelligence leak exposing elite corruption global elite losing control faster recover lie dead truth unleashed biggest intelligence leak history final warning america stand edge justice month determine whether america liberated enslaved 2020 coup fully exposed deep state’s crime revealed world white hat military crushing coup real time patriot ready republic’s fate hand storm popular guy planet elon musk joined telegram won’t believe he’s planning change line']"
11,1374,11_israel_gaza_iran_trump,"['israel', 'gaza', 'iran', 'trump', 'netanyahu', 'israeli', 'hamas', 'muslim', 'hostage', 'palestinian']","['president donald trump gifted golden pager israeli prime minister benjamin netanyahu similar device israel blow hezbollah terrorist year netanyahu foreign leader trump hosted white house kick term israeli medium reported gift israeli prime minister hebrew language account sharing picture thursday prime minister benjamin netanyahu presented president donald trump golden beeper successful summit meeting washington post via english translation israel orchestrated attack dubbed operation grim beeper hezbollah september exploded thousand handheld pager walkietalkies simultaneously separate event lebanon syria attack killed people civilian initially israel denied responsible attack sang tune thursday xpost wtm link', 'national security adviser mike waltz “fox sunday” reacted report week indicated israel likely strike iran’s nuclear program saying president donald trump allow iran nuclear weapon washington post reported week israel “is likely attempt strike iran’s fordow natanz nuclear facility six month 2025” waltz asked involvement strike iran israel assistance destroying iran’s underground facility speak president repeatedly iran nuclear weapon” waltz “that existential israel think existential entire world kick nuclear arm race middle east” “how i’m going detail president expressed willingness whatever action necessary” continued “all option table talk iran well entire program play game we’ve iran past prior negotiations” concluded “i’ll promise president trump absolutely serious deadly serious iran nuke certainly president trump’s watch irrational actor cannot allow finger button” xpost wtm link', 'trump announced taking gaza strip rebuilding sending troop region custody gaza netanyahu standing menacing grin fact matter gaza totally annihilated since october 7th essentially turned parking filled endless rubble dead body netanyahu relentlessly dropping bomb palestinian well year “hamas” targeted innocent people upwards 50000…women child baby men “terrorism”…they wrong place wrong time blown smithereens add context this… jared kushner month ago…‘gaza’s waterfront property valuable’ “gaza’s waterfront property valuable people focus building livelihoods” kushner told interviewer faculty chair middle east initiative prof tarek masoud kushner lamented “all money” gone territory’s tunnel network munition instead education innovation “it’s bit unfortunate situation israel’s perspective move people clean up” kushner “but don’t think israel stated don’t people move back afterwards” masoud replied talk there” kushner think israel move civilian gaza negev desert southern israel charge israel number priority getting civilian southern city rafah “with diplomacy” possible egypt” sure gaza point think construct gaza historical precedent result war tribe place gaza became egypt run time government came responding question whether palestinian state kushner described proposal super idea” “would essentially rewarding act terror”” kushner seems mastermind here… trump tonight netanyahu demolition site virtually building living fallen concrete dangerous gaza strip job well responsible dismantling dangerous unexploded bomb weapon site hearing trump going back kushner taking gaza it’s clear plan along plan destroy gaza turn “riviera middle east” i’m beside this…']"
12,1347,12_gold_financial_bank_currency,"['gold', 'financial', 'bank', 'currency', 'qfs', 'global', 'reserve', 'xrp', 'quantum', 'debt']","['quantum financial system qfs operating behind scene monitoring banking transaction preparation activation offworld technology revolutionize financial world rendering corrupt system obsolete ensuring gold assetbacked economy free manipulation end cabal’s banking empire qfs replace swift system unhackable aidriven network supported secret space program designed dismantle deep state’s control preventing illegal wealth accumulation usury fraud theft day corrupt politician banker laundering money secrecy over—qfs monitor transaction real time qfs running parallel existing system exposing financial crime leading mass arrest caught redhanded fiat dollar euro yen digitally marked making illicit transfer impossible conceal cabal’s system crumbling defeat goldbacked currency global currency reset gcr system gold assetbacked currency recognized transaction carry digital gold certificate referencing actual gold reserve securing currency fiat currency tied fraud terrorism illegal origin disqualified qfs country gesaracompliant participate ensuring fairness global trade specific formula determine nation’s currency value based asset economy population gcr global currency reset align national currency onetoone exchange rate ensuring financial sovereignty free cabal control qfs ultimate quantum security unlike blockchain vulnerable qfs quantum system beyond thirddimensional technology prevents hacking fraud unauthorized transfer ensuring transaction transparent legal ownerintended decade politician elite manipulated swift system moving stolen wealth globally realized qfs tracking action real time alliance data expose financial crime leading mass arrest dismantling central banking institution deep state’s final breath despite desperate effort hack delay sabotage qfs cabal lost fully removed world shift free fair financial system seventy thousand sealed indictment prepared signaling wave justice deep state’s destruction inevitable qfs alive—an intelligent system ensures financial fairness preventing theft restoring economic freedom humanity liberation begun ended life couldn’t stop mission fight continues file name real arrest they’re coming time’s corrupt tap', 'urgent bank desperate block access redemption centers—goldbacked currency qfs live fiat dollar’s collapse imminent greatest wealth transfer history happening redemption center operational quantum financial system qfs live fiat currency empire collapsing elite terrified can’t stop redemption center unstoppable january 2025 redemption center processing massive amount goldbacked currency daily bank powerless system finished scrambling hold trump’s “gold directive” triggered final collapse january 2025—trump sign classified “gold directive” cabal’s hidden vault seized gold stolen century returned people qfs patriot wealth fund final blow cabal patriot wealth fund real trillion recovered asset hidden technology ancient treasure hand people isn’t dream—this happening quantum financial system ultimate weapon corruption qfs unhackable eliminates fraud debt bank control cabal’s offshore account wiped fake stock market destroyed time xrp rlusd digital revolution arrived system dead xrp rlusd financial backbone backed secured gold reserve bypass bank completely elites’ control digital wealth cabal’s final move desperation false flag leaked report confirm planned cyberattacks stock crash staged event cause chaos alliance ahead plan intercepted weapon seized end fiat social security control fiat dollar done social security number cabal decade erased financial control grid restoration wealth happening redemption center frontline freedom aren’t financial hubs—they fortress elite thousand reclaim rightful wealth future belongs truth cannot stopped cabal know it’s qfs redemption center coming financial reset unstoppable stand firm action claim storm stop what’s coming channel immediately guess back telegram yes joe rogan back posting', 'economic shockwave gold market manipulated—trump’s gold audit change economy implode mainstream medium refuse tell coming financial storm system failing global financial elite enslaved world fiat currency manipulating economy debt cycle central bank interest rate grip slipping gold breaking free deep state’s financial control grid imploding gold’s massive surge past 3000 isn’t market trends—it’s collapse manipulated economy brics nations—russia china saudi arabia iran—are abandoning dollar securing gold reserve bypassing corrupt western banking system weaponized financial system decade brics fighting back accumulating 1045 metric ton gold 2024 alone deep statecontrolled federal reserve panic mode gold return backbone finance ponzi scheme collapse western economy drowning debt can’t accumulate gold brics financial fraud exposed decade wall street suppressed gold fake etf paper contract leasing scam london bullion market association lbma running physical gold vault london york drained nation repatriating reserve record rate trump know truth he’s ordered audit gold reserves—something hidden year fort knox federal reserve lied decade biggest financial scandal history that’s deep state desperate stop gold revaluation coming officially gold valued per ounce fraud revalued market price inject nearly trillion economy obliterating federal reserve’s control restoring sound money trump executes move fed collapse banking elite lose grip financial lie decade exposed globalists won’t tell bloomberg cnbc wall street journal push distraction elite hoard gold gold 3000 isn’t prediction—it’s warning dollar’s collapse accelerating deep state panicking trump positioning restore financial sovereignty system reset holding real assets—gold silver—will financial power chance secure wealth reset deep state’s fiat empire crumbling trump bringing back real wealth people return goldbacked money inevitable wait mercy system gold isn’t investment—it’s survival financial war reaching peak central bank struggling hide truth crack showing imf world bank scrambling maintain control independent nation reject influence mainstream analyst warning total financial recalibration prepare transition sound money swift irreversible asset outside rigged system—gold silver tangible resources—will financial elite rely fiat behind trump’s mission expose deep state’s financial fraud accelerating move countered wall closing federal reserve’s collapse question happens unprepared safety net stay informed stay prepared importantly—secure real wealth it’s forbidden history telegram telegram real article interest you—special click']"
13,1226,13_california_wildfire_county_newsom,"['california', 'wildfire', 'county', 'newsom', 'state', 'area', 'los', 'angeles', 'los angeles', 'bass']","['resident devastated pacific palisade majority initial proponent petition recall los angeles mayor karen bass signaling palisade resident assign heavy blame bass community’s destruction five proponent recall petition reportedly democrat republican independent suggesting broader dissatisfaction mayor party line “as los angeles faced extreme red flag warning wind dry condition looming threat wildfire mayor karen bass chose leave city overseas trip instead preparing disaster” wrote resident filing intent recall mayor “while emergency official braced potential devastation bass attending political event abroad” xpost wtm link', 'morning incident update 1262025 border2fire firecagovincidents2025… otay mountain san diego county 6625 acre contained hughesfire firecagovincidents2025… castaic area county 10425 acre contained palisadesfire firecagovincidents2025… pacific palisade county 23448 acre contained eatonfire firecagovincidents2025… north pasadena altadena county 14021 acre contained lagunafire firecagovincidents2025… camarillo ventura county acre contained forward progress stopped lowpressure system bring precipitation monday coastal mountain area southern california rain forecast it’s important stay alert increased risk debris flow area recently impacted wildfire los angeles county uptodate emergency information evacuation update please visit firecagov calfire lawildfires cawildfires', 'incident update 1262025 border2fire firecagovincidents2025… otay mountain san diego county 6625 acre contained hughesfire firecagovincidents2025… castaic area county 10425 acre contained palisadesfire firecagovincidents2025… pacific palisade county 23448 acre contained eatonfire firecagovincidents2025… north pasadena altadena county 14021 acre contained lagunafire final firecagovincidents2025… camarillo ventura county acre 100 contained currently red flag warning fire weather watch effect southern california lowpressure system likely bring precipitation tonight monday coastal southern california rain forecast it’s important stay alert increased risk debris flow area recently impacted wildfire los angeles county date emergency information evacuation update please visit link firecagov']"
14,1192,14_plane_helicopter_crash_airport,"['plane', 'helicopter', 'crash', 'airport', 'flight', 'airline', 'pilot', 'aviation', 'plane crash', 'passenger']","['army black hawk helicopter flying crashed american airline jet ronald reagan washington national airport washington week national transportation safety board confirmed tuesday data traffic control radar showed military chopper flying 300 foot traffic control display time fiery jan crash according ntsb maximum altitude helicopter area flight path jet going reagan 200 foot radar data rounded nearest 100 foot ntsb meaning helicopter anywhere 251 foot 349 foot elevation passenger plane flying 325 foot crash occured pilot tried pull avoid collision moment according data bombardier crj700’s black box plane cleared land dca chopper carrying soldier conducting training mission requalify pilot future flight area they’d done several time according deputy director aviation army col mark ott xpost', 'army black hawk helicopter flying crashed american airline jet ronald reagan washington national airport washington week national transportation safety board confirmed tuesday data traffic control radar showed military chopper flying 300 foot traffic control display time fiery jan crash according ntsb maximum altitude helicopter area flight path jet going reagan 200 foot radar data rounded nearest 100 foot ntsb meaning helicopter anywhere 251 foot 349 foot elevation passenger plane flying 325 foot crash occured pilot tried pull avoid collision moment according data bombardier crj700’s black box plane cleared land dca chopper carrying soldier conducting training mission requalify pilot future flight area they’d done several time according deputy director aviation army col mark ott xpost', 'federal aviation administration indefinitely restrictred helicopter flight reagan international airport washington keep immediate area airport clear prevent tragedy wednesday night per decision follows midair crash military black hawk helicopter manned personnel commercial american airline flight wednesday passenger plane carried passenger four crew member survivor airspace crash site restricted recovery operation however faa restricted helicopter traffic immediate vicinity airport xpost']"
15,1185,15_jfk_file_cia_assassination,"['jfk', 'file', 'cia', 'assassination', 'jfk file', 'kennedy', 'document', 'release', 'oswald', 'truth']","['jfk file released… it…', 'jfk file released jfk file', 'jfk file released jfk file']"
16,982,16_rumble_tonight_storm_est,"['rumble', 'tonight', 'storm', 'est', 'episode', 'absolute storm', 'absolute', 'edt', 'eye storm', 'live']","['episode absolute storm 730pm est ✝️✝️ missed episode caught please follow absolute storm rumble', 'episode absolute storm tonight welcome special guest sheriff mack talking pope incoming conclave tariff federal reserve pursegate artist week tune 9pm episode absolute storm follow rumble watch', 'episode absolute storm tonight welcome special guest sheriff mack talking pope incoming conclave tariff federal reserve pursegate artist week tune 9pm episode absolute storm follow rumble watch']"
